{"cameraMode":{"drawMode":0,"name":"Shaded","section":"Shading Mode"},"sceneLighting":true,"audioPlay":false,"sceneViewState":{"showFog":true,"showMaterialUpdate":false,"showSkybox":false,"showFlares":true,"showImageEffects":true,"showParticleSystems":true},"in2DMode":false,"pivot":{"x":-0.10494017601013184,"y":1.3350000381469727,"z":-3.836170196533203},"rotation":{"x":-0.30318763852119448,"y":-0.6159201860427856,"z":0.27788177132606509,"w":-0.6719955205917358},"size":6.062177658081055,"orthographic":false}