{"cameraMode":{"drawMode":0,"name":"Shaded","section":"Shading Mode"},"sceneLighting":true,"audioPlay":false,"sceneViewState":{"showFog":true,"showMaterialUpdate":false,"showSkybox":true,"showFlares":true,"showImageEffects":true,"showParticleSystems":true},"in2DMode":false,"pivot":{"x":-711.9495849609375,"y":-802.17919921875,"z":1610.7945556640625},"rotation":{"x":-0.20764899253845216,"y":0.20142996311187745,"z":-0.04376251995563507,"w":-0.9562829732894898},"size":1180.865478515625,"orthographic":false}