{"cameraMode":{"drawMode":0,"name":"Shaded","section":"Shading Mode"},"sceneLighting":true,"audioPlay":false,"sceneViewState":{"showFog":true,"showMaterialUpdate":false,"showSkybox":true,"showFlares":true,"showImageEffects":true,"showParticleSystems":true},"in2DMode":false,"pivot":{"x":-1459.148681640625,"y":-1019.7694091796875,"z":710.7255249023438},"rotation":{"x":-0.23304133117198945,"y":0.509372889995575,"z":-0.14553861320018769,"w":-0.8155367970466614},"size":1180.865478515625,"orthographic":false}