{"cameraMode":{"drawMode":0,"name":"Shaded","section":"Shading Mode"},"sceneLighting":true,"audioPlay":false,"sceneViewState":{"showFog":true,"showMaterialUpdate":false,"showSkybox":true,"showFlares":true,"showImageEffects":true,"showParticleSystems":true},"in2DMode":false,"pivot":{"x":681.682861328125,"y":-1313.955810546875,"z":-1249.59765625},"rotation":{"x":0.09082384407520294,"y":0.9019103646278381,"z":-0.3527543544769287,"w":0.23222050070762635},"size":1180.865478515625,"orthographic":false}