{"cameraMode":{"drawMode":0,"name":"Shaded","section":"Shading Mode"},"sceneLighting":true,"audioPlay":false,"sceneViewState":{"showFog":true,"showMaterialUpdate":false,"showSkybox":true,"showFlares":true,"showImageEffects":true,"showParticleSystems":true},"in2DMode":false,"pivot":{"x":5.508602619171143,"y":-0.49523961544036868,"z":19.376014709472658},"rotation":{"x":-0.14703649282455445,"y":-0.052052468061447147,"z":0.01115942932665348,"w":-0.9881094098091126},"size":9.918303489685059,"orthographic":false}