{"cameraMode":{"drawMode":0,"name":"Shaded","section":"Shading Mode"},"sceneLighting":false,"audioPlay":false,"sceneViewState":{"showFog":true,"showMaterialUpdate":false,"showSkybox":false,"showFlares":true,"showImageEffects":true,"showParticleSystems":true},"in2DMode":false,"pivot":{"x":-6.699999809265137,"y":0.437999963760376,"z":-5.039999961853027},"rotation":{"x":0.2152610719203949,"y":0.10145145654678345,"z":-0.025560233741998674,"w":0.9713428616523743},"size":0.8660253882408142,"orthographic":false}