{"cameraMode":{"drawMode":0,"name":"Shaded","section":"Shading Mode"},"sceneLighting":false,"audioPlay":false,"sceneViewState":{"showFog":true,"showMaterialUpdate":false,"showSkybox":false,"showFlares":true,"showImageEffects":true,"showParticleSystems":true},"in2DMode":false,"pivot":{"x":-0.7266016602516174,"y":1.5193206071853638,"z":-4.2845611572265629},"rotation":{"x":0.021663863211870195,"y":-0.9387086033821106,"z":0.058494314551353458,"w":0.3398169279098511},"size":1.0563485622406006,"orthographic":false}